﻿<layer>
	<subLayers>
		<subLayer zIndex="7" id="fade">
			<components>
				<component>
					<as2Url>skins/default_as2/LabelButtonBase/label_btn_plus_cadre_03.cmp.swf</as2Url>
					<html5Url>plugins/silexComponents/html5#org.silex.ui.components.buttons.LabelButtonBase</html5Url>
					<className>org.silex.ui.components.buttons.LabelButtonBase</className>
					<componentRoot>main</componentRoot>
					<properties>
						<playerName><![CDATA[label_btn_plus_cadre_03.cmp]]></playerName>
						<rotation type="Integer">0</rotation>
						<y type="Integer">129</y>
						<x type="Integer">473</x>
						<alpha type="Integer">100</alpha>
						<tabIndex type="Integer">1</tabIndex>
						<tabEnabled type="Boolean">false</tabEnabled>
						<visibleOutOfAdmin type="Boolean">true</visibleOutOfAdmin>
						<iconIsDefault type="Boolean">false</iconIsDefault>
						<iconIsIcon type="Boolean">false</iconIsIcon>
						<iconLayoutName><![CDATA[minimal.swf]]></iconLayoutName>
						<iconPageName><![CDATA[new page name]]></iconPageName>
						<label><![CDATA[label]]></label>
						<imageUrl><![CDATA[media/]]></imageUrl>
						<delay type="Integer">0</delay>
						<useHandCursor type="Boolean">false</useHandCursor>
						<clickable type="Boolean">true</clickable>
						<easingDuration type="Integer">3</easingDuration>
						<followMouse type="Boolean">false</followMouse>
						<wordWrap type="Boolean">false</wordWrap>
						<autoSize type="Boolean">true</autoSize>
						<buttonLabelPress><![CDATA[<b>label</b>]]></buttonLabelPress>
						<buttonLabelOver><![CDATA[<u>intermedia</u>]]></buttonLabelOver>
						<buttonLabelSelect><![CDATA[<b>label</b>]]></buttonLabelSelect>
						<buttonLabelNormal><![CDATA[hello]]></buttonLabelNormal>
						<centeredHoriz type="Boolean">false</centeredHoriz>
						<height type="Integer">28</height>
						<width type="Integer">100</width>
					</properties>
					<actions></actions>
				</component>
				<component>
					<as2Url>skins/default_as2/LabelButtonBase/label_btn_plus_cadre_03(bis).cmp.swf</as2Url>
					<html5Url>plugins/silexComponents/html5#org.silex.ui.components.buttons.LabelButtonBase</html5Url>
					<className>org.silex.ui.components.buttons.LabelButtonBase</className>
					<componentRoot>main</componentRoot>
					<properties>
						<playerName><![CDATA[label_btn_plus_cadre_03(bis).cmp]]></playerName>
						<rotation type="Integer">0</rotation>
						<y type="Integer">200</y>
						<x type="Integer">200</x>
						<alpha type="Integer">100</alpha>
						<tabIndex type="Integer">1</tabIndex>
						<tabEnabled type="Boolean">false</tabEnabled>
						<visibleOutOfAdmin type="Boolean">true</visibleOutOfAdmin>
						<iconIsDefault type="Boolean">false</iconIsDefault>
						<iconIsIcon type="Boolean">false</iconIsIcon>
						<iconLayoutName><![CDATA[minimal.swf]]></iconLayoutName>
						<iconPageName><![CDATA[new page name]]></iconPageName>
						<label><![CDATA[label]]></label>
						<imageUrl><![CDATA[media/]]></imageUrl>
						<delay type="Integer">0</delay>
						<useHandCursor type="Boolean">false</useHandCursor>
						<clickable type="Boolean">true</clickable>
						<easingDuration type="Integer">3</easingDuration>
						<followMouse type="Boolean">false</followMouse>
						<wordWrap type="Boolean">false</wordWrap>
						<autoSize type="Boolean">true</autoSize>
						<buttonLabelPress><![CDATA[<b>label</b>]]></buttonLabelPress>
						<buttonLabelOver><![CDATA[<u>label</u>]]></buttonLabelOver>
						<buttonLabelSelect><![CDATA[<b>label</b>]]></buttonLabelSelect>
						<buttonLabelNormal><![CDATA[bonjour]]></buttonLabelNormal>
						<centeredHoriz type="Boolean">false</centeredHoriz>
						<height type="Integer">28</height>
						<width type="Integer">100</width>
					</properties>
					<actions></actions>
				</component>
				<component>
					<as2Url>plugins/baseComponents/as2/org.silex.ui.players.Image.swf</as2Url>
					<html5Url>plugins/baseComponents/html5#org.silex.ui.Image</html5Url>
					<className>org.silex.ui.players.Image.JPG</className>
					<componentRoot>main</componentRoot>
					<properties>
						<playerName><![CDATA[silex-business-card_photo2]]></playerName>
						<rotation type="Integer">0</rotation>
						<y type="Integer">200</y>
						<x type="Integer">100</x>
						<alpha type="Integer">100</alpha>
						<tabIndex type="Integer">1</tabIndex>
						<tabEnabled type="Boolean">false</tabEnabled>
						<visibleOutOfAdmin type="Boolean">true</visibleOutOfAdmin>
						<iconIsDefault type="Boolean">false</iconIsDefault>
						<iconIsIcon type="Boolean">false</iconIsIcon>
						<iconLayoutName><![CDATA[minimal.swf]]></iconLayoutName>
						<iconPageName><![CDATA[new page name]]></iconPageName>
						<fadeInStep type="Integer">100</fadeInStep>
						<tabChildren type="Boolean">false</tabChildren>
						<_focusrect type="Boolean">false</_focusrect>
						<visibleFrame_bool type="Boolean">false</visibleFrame_bool>
						<scaleMode><![CDATA[none]]></scaleMode>
						<useHandCursor type="Boolean">false</useHandCursor>
						<height type="Integer">155</height>
						<width type="Integer">155</width>
						<clickable type="Boolean">true</clickable>
						<url><![CDATA[media/silex-business-card/visicard_photo.jpg]]></url>
					</properties>
					<actions></actions>
				</component>
				<component>
					<as2Url>plugins/baseComponents/as2/org.silex.ui.players.Text.swf</as2Url>
					<html5Url>plugins/baseComponents/html5#org.silex.ui.Text</html5Url>
					<className>org.silex.ui.players.Text</className>
					<componentRoot>main</componentRoot>
					<properties>
						<playerName><![CDATA[Text_column_01]]></playerName>
						<rotation type="Integer">0</rotation>
						<y type="Integer">200</y>
						<x type="Integer">305</x>
						<alpha type="Integer">100</alpha>
						<height type="Integer">380</height>
						<width type="Integer">200</width>
						<tabIndex type="Integer">1</tabIndex>
						<tabEnabled type="Boolean">false</tabEnabled>
						<visibleOutOfAdmin type="Boolean">true</visibleOutOfAdmin>
						<iconIsDefault type="Boolean">false</iconIsDefault>
						<iconIsIcon type="Boolean">false</iconIsIcon>
						<iconLayoutName><![CDATA[minimal.swf]]></iconLayoutName>
						<iconPageName><![CDATA[new page name]]></iconPageName>
						<wordWrap type="Boolean">true</wordWrap>
						<type><![CDATA[dynamic]]></type>
						<password type="Boolean">false</password>
						<mouseWheelEnabled type="Boolean">true</mouseWheelEnabled>
						<backgroundColor type="Integer">16777215</backgroundColor>
						<background type="Boolean">false</background>
						<borderColor type="Integer">0</borderColor>
						<border type="Boolean">false</border>
						<multiline type="Boolean">true</multiline>
						<selectable type="Boolean">true</selectable>
						<scrollbar type="Boolean">false</scrollbar>
						<embedFonts type="Boolean">false</embedFonts>
						<htmlText><![CDATA[<TEXTFORMAT LEADING="2"><P ALIGN="LEFT"><FONT FACE="_sans" SIZE="15" COLOR="#FF3300" LETTERSPACING="0" KERNING="0">Welcome on your Silex site ! To edit this site, right click and login.<FONT COLOR="#5A5A5A">quia voluptas sit aspernatur aut odit aut fugit, sed quia consequuntur magni dolores eos qui ratione voluptatem sequi nesciunt. Neque porro quisquam. </FONT></FONT></P></TEXTFORMAT><TEXTFORMAT LEADING="2"><P ALIGN="LEFT"><FONT FACE="_sans" SIZE="15" COLOR="#5A5A5A" LETTERSPACING="0" KERNING="0"></FONT></P></TEXTFORMAT><TEXTFORMAT LEADING="2"><P ALIGN="LEFT"><FONT FACE="_sans" SIZE="15" COLOR="#5A5A5A" LETTERSPACING="0" KERNING="0">Est, qui dolorem ipsum quia dolor sit amet, consectetur, adipisci velit, sed quia non numquam eius modi tempora incidunt ut labore et dolore magnam aliquam quaerat voluptatem. Ut enim ad minima veniam, quis nostrum exercitationem mergitur !</FONT></P></TEXTFORMAT>]]></htmlText>
						<html type="Boolean">true</html>
					</properties>
					<actions></actions>
				</component>
				<component>
					<as2Url>plugins/baseComponents/as2/org.silex.ui.players.Text.swf</as2Url>
					<html5Url>plugins/baseComponents/html5#org.silex.ui.Text</html5Url>
					<className>org.silex.ui.players.Text</className>
					<componentRoot>main</componentRoot>
					<properties>
						<playerName><![CDATA[Text_column_02]]></playerName>
						<rotation type="Integer">0</rotation>
						<y type="Integer">200</y>
						<x type="Integer">555</x>
						<alpha type="Integer">100</alpha>
						<height type="Integer">180</height>
						<width type="Integer">200</width>
						<tabIndex type="Integer">1</tabIndex>
						<tabEnabled type="Boolean">false</tabEnabled>
						<visibleOutOfAdmin type="Boolean">true</visibleOutOfAdmin>
						<iconIsDefault type="Boolean">false</iconIsDefault>
						<iconIsIcon type="Boolean">false</iconIsIcon>
						<iconLayoutName><![CDATA[minimal.swf]]></iconLayoutName>
						<iconPageName><![CDATA[new page name]]></iconPageName>
						<wordWrap type="Boolean">true</wordWrap>
						<type><![CDATA[dynamic]]></type>
						<password type="Boolean">false</password>
						<mouseWheelEnabled type="Boolean">true</mouseWheelEnabled>
						<backgroundColor type="Integer">16777215</backgroundColor>
						<background type="Boolean">false</background>
						<borderColor type="Integer">0</borderColor>
						<border type="Boolean">false</border>
						<multiline type="Boolean">true</multiline>
						<selectable type="Boolean">true</selectable>
						<scrollbar type="Boolean">false</scrollbar>
						<embedFonts type="Boolean">false</embedFonts>
						<htmlText><![CDATA[<TEXTFORMAT LEADING="2"><P ALIGN="LEFT"><FONT FACE="_sans" SIZE="15" COLOR="#5A5A5A" LETTERSPACING="0" KERNING="0">Quia dolor sit amet fluctuat, consectetur, adipisci velit, sed quia non numquam eius modi tempora incidunt ut labore et dolore magnam estum.</FONT></P></TEXTFORMAT><TEXTFORMAT LEADING="2"><P ALIGN="LEFT"><FONT FACE="_sans" SIZE="15" COLOR="#5A5A5A" LETTERSPACING="0" KERNING="0"></FONT></P></TEXTFORMAT><TEXTFORMAT LEADING="2"><P ALIGN="LEFT"><FONT FACE="_sans" SIZE="15" COLOR="#5A5A5A" LETTERSPACING="0" KERNING="0">Sincerely yours</FONT></P></TEXTFORMAT><TEXTFORMAT LEADING="2"><P ALIGN="LEFT"><FONT FACE="_sans" SIZE="15" COLOR="#5A5A5A" LETTERSPACING="0" KERNING="0">MFF</FONT></P></TEXTFORMAT>]]></htmlText>
						<html type="Boolean">true</html>
					</properties>
					<actions></actions>
				</component>
				<component>
					<as2Url>plugins/baseComponents/as2/org.silex.ui.players.Text.swf</as2Url>
					<html5Url>plugins/baseComponents/html5#org.silex.ui.Text</html5Url>
					<className>org.silex.ui.players.Text</className>
					<componentRoot>main</componentRoot>
					<properties>
						<playerName><![CDATA[Text_open_youtube]]></playerName>
						<rotation type="Integer">0</rotation>
						<y type="Integer">515</y>
						<x type="Integer">550</x>
						<alpha type="Integer">100</alpha>
						<height><![CDATA[52]]></height>
						<width type="Integer">202</width>
						<tabIndex type="Integer">1</tabIndex>
						<tabEnabled type="Boolean">false</tabEnabled>
						<visibleOutOfAdmin type="Boolean">true</visibleOutOfAdmin>
						<iconIsDefault type="Boolean">false</iconIsDefault>
						<iconIsIcon type="Boolean">false</iconIsIcon>
						<iconLayoutName><![CDATA[minimal.swf]]></iconLayoutName>
						<iconPageName><![CDATA[new page name]]></iconPageName>
						<wordWrap type="Boolean">true</wordWrap>
						<type><![CDATA[dynamic]]></type>
						<password type="Boolean">false</password>
						<mouseWheelEnabled type="Boolean">true</mouseWheelEnabled>
						<backgroundColor type="Integer">16777215</backgroundColor>
						<background type="Boolean">false</background>
						<borderColor type="Integer">0</borderColor>
						<border type="Boolean">false</border>
						<multiline type="Boolean">true</multiline>
						<selectable type="Boolean">true</selectable>
						<scrollbar type="Boolean">true</scrollbar>
						<embedFonts type="Boolean">false</embedFonts>
						<htmlText><![CDATA[<TEXTFORMAT LEADING="2"><P ALIGN="CENTER"><FONT FACE="_sans" SIZE="15" COLOR="#FF6600" LETTERSPACING="0" KERNING="0">[[onRelease openUrl:http://www.youtube.com|Open Youtube]]</FONT></P></TEXTFORMAT>]]></htmlText>
						<html type="Boolean">true</html>
					</properties>
					<actions></actions>
				</component>
				<component>
					<as2Url>plugins/baseComponents/as2/org.silex.ui.players.Image.swf</as2Url>
					<html5Url>plugins/baseComponents/html5#org.silex.ui.Image</html5Url>
					<className>org.silex.ui.players.Image.PNG</className>
					<componentRoot>main</componentRoot>
					<properties>
						<playerName><![CDATA[silex-business-card_link_video2]]></playerName>
						<rotation type="Integer">0</rotation>
						<y type="Integer">385</y>
						<x type="Integer">556</x>
						<alpha type="Integer">100</alpha>
						<tabIndex type="Integer">1</tabIndex>
						<tabEnabled type="Boolean">false</tabEnabled>
						<visibleOutOfAdmin type="Boolean">true</visibleOutOfAdmin>
						<iconIsDefault type="Boolean">false</iconIsDefault>
						<iconIsIcon type="Boolean">false</iconIsIcon>
						<iconLayoutName><![CDATA[minimal.swf]]></iconLayoutName>
						<iconPageName><![CDATA[new page name]]></iconPageName>
						<fadeInStep type="Integer">100</fadeInStep>
						<tabChildren type="Boolean">false</tabChildren>
						<_focusrect type="Boolean">false</_focusrect>
						<visibleFrame_bool type="Boolean">false</visibleFrame_bool>
						<scaleMode><![CDATA[none]]></scaleMode>
						<useHandCursor type="Boolean">true</useHandCursor>
						<height type="Integer">155</height>
						<width type="Integer">200</width>
						<clickable type="Boolean">true</clickable>
						<url><![CDATA[media/silex-business-card/visicard_link_video.png]]></url>
					</properties>
					<actions>
						<action>
							<functionName><![CDATA[openUrl]]></functionName>
							<modifier><![CDATA[onRelease]]></modifier>
							<parameters>
								<parameter><![CDATA[http://www.youtube.com/user/Silexlabs/videos]]></parameter>
							</parameters>
						</action>
					</actions>
				</component>
				<component>
					<as2Url>plugins/baseComponents/as2/Geometry.swf</as2Url>
					<html5Url>plugins/baseComponents/html5#org.silex.ui.Geometry</html5Url>
					<className>org.silex.ui.Rectangle</className>
					<componentRoot>main</componentRoot>
					<properties>
						<playerName><![CDATA[stroke_around_silex-business-card_link]]></playerName>
						<rotation type="Integer">0</rotation>
						<y type="Integer">384</y>
						<x type="Integer">555</x>
						<alpha type="Integer">100</alpha>
						<height type="Integer">157</height>
						<width type="Integer">202</width>
						<tabIndex type="Integer">1</tabIndex>
						<tabEnabled type="Boolean">false</tabEnabled>
						<visibleOutOfAdmin type="Boolean">true</visibleOutOfAdmin>
						<iconIsDefault type="Boolean">false</iconIsDefault>
						<iconIsIcon type="Boolean">false</iconIsIcon>
						<iconLayoutName><![CDATA[minimal.swf]]></iconLayoutName>
						<iconPageName><![CDATA[new page name]]></iconPageName>
						<shape><![CDATA[Rectangle]]></shape>
						<useHandCursor type="Boolean">false</useHandCursor>
						<fusionMode><![CDATA[normal]]></fusionMode>
						<dropShadowBlurY type="Integer">5</dropShadowBlurY>
						<dropShadowBlurX type="Integer">5</dropShadowBlurX>
						<dropShadowAngle type="Integer">45</dropShadowAngle>
						<dropShadowDistance type="Integer">5</dropShadowDistance>
						<dropShadowColor type="Integer">13421772</dropShadowColor>
						<dropShadowAlpha type="Integer">1</dropShadowAlpha>
						<dropShadow type="Boolean">false</dropShadow>
						<gradientRotation type="Integer">0</gradientRotation>
						<bitmapFillSmooth type="Boolean">false</bitmapFillSmooth>
						<bitmapFillRepeat type="Boolean">true</bitmapFillRepeat>
						<fill><![CDATA[solid]]></fill>
						<bgColor type="Integer">12237498</bgColor>
						<bgAlpha type="Integer">0</bgAlpha>
						<borderAlpha type="Integer">100</borderAlpha>
						<lineThickness type="Integer">1</lineThickness>
						<borderColor type="Integer">13382400</borderColor>
						<border><![CDATA[false]]></border>
						<BLcornerRadius type="Integer">0</BLcornerRadius>
						<BRcornerRadius type="Integer">0</BRcornerRadius>
						<TRcornerRadius type="Integer">0</TRcornerRadius>
						<TLcornerRadius type="Integer">0</TLcornerRadius>
					</properties>
					<actions></actions>
				</component>
			</components>
		</subLayer>
	</subLayers>
</layer>
