﻿<layer>
	<subLayers>
		<subLayer zIndex="10" id="fade">
			<components>
				<component>
					<as2Url>plugins/baseComponents/as2/org.silex.ui.players.Text.swf</as2Url>
					<html5Url>plugins/baseComponents/html5#org.silex.ui.Text</html5Url>
					<className>org.silex.ui.players.Text</className>
					<componentRoot>main</componentRoot>
					<properties>
						<playerName><![CDATA[Text_your_idea]]></playerName>
						<rotation type="Integer">0</rotation>
						<y type="Integer">387</y>
						<x type="Integer">802</x>
						<alpha type="Integer">100</alpha>
						<height type="Integer">25</height>
						<width type="Float">69.1</width>
						<tabIndex type="Integer">1</tabIndex>
						<tabEnabled type="Boolean">false</tabEnabled>
						<visibleOutOfAdmin type="Boolean">true</visibleOutOfAdmin>
						<iconIsDefault type="Boolean">false</iconIsDefault>
						<iconIsIcon type="Boolean">false</iconIsIcon>
						<iconLayoutName><![CDATA[minimal.swf]]></iconLayoutName>
						<iconPageName><![CDATA[new page name]]></iconPageName>
						<wordWrap type="Boolean">true</wordWrap>
						<type><![CDATA[dynamic]]></type>
						<password type="Boolean">false</password>
						<mouseWheelEnabled type="Boolean">true</mouseWheelEnabled>
						<backgroundColor type="Integer">16777215</backgroundColor>
						<background type="Boolean">false</background>
						<borderColor type="Integer">0</borderColor>
						<border type="Boolean">false</border>
						<multiline type="Boolean">true</multiline>
						<selectable type="Boolean">true</selectable>
						<scrollbar type="Boolean">false</scrollbar>
						<embedFonts type="Boolean">false</embedFonts>
						<htmlText><![CDATA[<TEXTFORMAT LEADING="2"><P ALIGN="CENTER"><FONT FACE="arial" SIZE="13" COLOR="#FF3300" LETTERSPACING="0" KERNING="0"><U>[[onRelease mailto:isabelle@silexlabs.org|Your idea]]</U></FONT></P></TEXTFORMAT>]]></htmlText>
						<html type="Boolean">true</html>
					</properties>
					<actions></actions>
				</component>
				<component>
					<as2Url>plugins/baseComponents/as2/org.silex.ui.players.Image.swf</as2Url>
					<html5Url>plugins/baseComponents/html5#org.silex.ui.Image</html5Url>
					<className>org.silex.ui.players.Image.PNG</className>
					<componentRoot>main</componentRoot>
					<properties>
						<playerName><![CDATA[youridea_stroke]]></playerName>
						<rotation type="Integer">0</rotation>
						<y type="Integer">345</y>
						<x type="Integer">817</x>
						<alpha type="Integer">100</alpha>
						<tabIndex type="Integer">1</tabIndex>
						<tabEnabled type="Boolean">false</tabEnabled>
						<visibleOutOfAdmin type="Boolean">true</visibleOutOfAdmin>
						<iconIsDefault type="Boolean">false</iconIsDefault>
						<iconIsIcon type="Boolean">false</iconIsIcon>
						<iconLayoutName><![CDATA[minimal.swf]]></iconLayoutName>
						<iconPageName><![CDATA[new page name]]></iconPageName>
						<fadeInStep type="Integer">100</fadeInStep>
						<tabChildren type="Boolean">false</tabChildren>
						<_focusrect type="Boolean">false</_focusrect>
						<visibleFrame_bool type="Boolean">false</visibleFrame_bool>
						<scaleMode><![CDATA[none]]></scaleMode>
						<useHandCursor type="Boolean">false</useHandCursor>
						<height type="Integer">39</height>
						<width type="Integer">39</width>
						<clickable type="Boolean">true</clickable>
						<url><![CDATA[media/silex-business-card/your-idea.png]]></url>
					</properties>
					<actions></actions>
				</component>
				<component>
					<as2Url>plugins/baseComponents/as2/org.silex.ui.players.Image.swf</as2Url>
					<html5Url>plugins/baseComponents/html5#org.silex.ui.Image</html5Url>
					<className>org.silex.ui.players.Image.PNG</className>
					<componentRoot>main</componentRoot>
					<properties>
						<playerName><![CDATA[linkedin]]></playerName>
						<rotation type="Integer">0</rotation>
						<y type="Integer">280</y>
						<x type="Integer">817</x>
						<alpha type="Integer">100</alpha>
						<tabIndex type="Integer">1</tabIndex>
						<tabEnabled type="Boolean">false</tabEnabled>
						<visibleOutOfAdmin type="Boolean">true</visibleOutOfAdmin>
						<iconIsDefault type="Boolean">false</iconIsDefault>
						<iconIsIcon type="Boolean">false</iconIsIcon>
						<iconLayoutName><![CDATA[minimal.swf]]></iconLayoutName>
						<iconPageName><![CDATA[new page name]]></iconPageName>
						<fadeInStep type="Integer">100</fadeInStep>
						<tabChildren type="Boolean">false</tabChildren>
						<_focusrect type="Boolean">false</_focusrect>
						<visibleFrame_bool type="Boolean">false</visibleFrame_bool>
						<scaleMode><![CDATA[none]]></scaleMode>
						<useHandCursor type="Boolean">true</useHandCursor>
						<height type="Integer">39</height>
						<width type="Integer">39</width>
						<clickable type="Boolean">true</clickable>
						<url><![CDATA[media/silex-business-card/linkedin.png]]></url>
					</properties>
					<actions>
						<action>
							<functionName><![CDATA[openUrl]]></functionName>
							<modifier><![CDATA[onRelease]]></modifier>
							<parameters>
								<parameter><![CDATA[http://www.linkedin.com/]]></parameter>
							</parameters>
						</action>
					</actions>
				</component>
				<component>
					<as2Url>plugins/baseComponents/as2/org.silex.ui.players.Image.swf</as2Url>
					<html5Url>plugins/baseComponents/html5#org.silex.ui.Image</html5Url>
					<className>org.silex.ui.players.Image.PNG</className>
					<componentRoot>main</componentRoot>
					<properties>
						<playerName><![CDATA[edit_btn]]></playerName>
						<rotation type="Integer">0</rotation>
						<y type="Integer">600</y>
						<x type="Integer">415</x>
						<alpha type="Integer">100</alpha>
						<tabIndex type="Integer">1</tabIndex>
						<tabEnabled type="Boolean">false</tabEnabled>
						<visibleOutOfAdmin type="Boolean">true</visibleOutOfAdmin>
						<iconIsDefault type="Boolean">false</iconIsDefault>
						<iconIsIcon type="Boolean">false</iconIsIcon>
						<iconLayoutName><![CDATA[minimal.swf]]></iconLayoutName>
						<iconPageName><![CDATA[new page name]]></iconPageName>
						<fadeInStep type="Integer">100</fadeInStep>
						<tabChildren type="Boolean">false</tabChildren>
						<_focusrect type="Boolean">false</_focusrect>
						<visibleFrame_bool type="Boolean">false</visibleFrame_bool>
						<scaleMode><![CDATA[none]]></scaleMode>
						<useHandCursor type="Boolean">true</useHandCursor>
						<height type="Integer">40</height>
						<width type="Integer">36</width>
						<clickable type="Boolean">true</clickable>
						<url><![CDATA[media/silex-business-card/edit.png]]></url>
					</properties>
					<actions>
						<action>
							<functionName><![CDATA[openUrl]]></functionName>
							<modifier><![CDATA[onRelease]]></modifier>
							<parameters>
								<parameter><![CDATA[?/<<silex.config.id_site>>/&autologin=1]]></parameter>
							</parameters>
						</action>
					</actions>
				</component>
				<component>
					<as2Url>plugins/baseComponents/as2/org.silex.ui.players.Image.swf</as2Url>
					<html5Url>plugins/baseComponents/html5#org.silex.ui.Image</html5Url>
					<className>org.silex.ui.players.Image.PNG</className>
					<componentRoot>main</componentRoot>
					<properties>
						<playerName><![CDATA[pdf_icon]]></playerName>
						<rotation type="Integer">0</rotation>
						<y type="Integer">202</y>
						<x type="Integer">805</x>
						<alpha type="Integer">100</alpha>
						<tabIndex type="Integer">1</tabIndex>
						<tabEnabled type="Boolean">false</tabEnabled>
						<visibleOutOfAdmin type="Boolean">true</visibleOutOfAdmin>
						<iconIsDefault type="Boolean">false</iconIsDefault>
						<iconIsIcon type="Boolean">false</iconIsIcon>
						<iconLayoutName><![CDATA[minimal.swf]]></iconLayoutName>
						<iconPageName><![CDATA[new page name]]></iconPageName>
						<fadeInStep type="Integer">100</fadeInStep>
						<tabChildren type="Boolean">false</tabChildren>
						<_focusrect type="Boolean">false</_focusrect>
						<visibleFrame_bool type="Boolean">false</visibleFrame_bool>
						<scaleMode><![CDATA[none]]></scaleMode>
						<useHandCursor type="Boolean">true</useHandCursor>
						<height type="Integer">55</height>
						<width type="Integer">55</width>
						<clickable type="Boolean">true</clickable>
						<url><![CDATA[media/silex-business-card/pdf_icon.png]]></url>
					</properties>
					<actions>
						<action>
							<functionName><![CDATA[download]]></functionName>
							<modifier><![CDATA[onRelease]]></modifier>
							<parameters>
								<parameter><![CDATA[media/silex-business-card/silex_silexlabs_usefull-links.pdf]]></parameter>
							</parameters>
						</action>
					</actions>
				</component>
				<component>
					<as2Url>plugins/baseComponents/as2/org.silex.ui.players.Image.swf</as2Url>
					<html5Url>plugins/baseComponents/html5#org.silex.ui.Image</html5Url>
					<className>org.silex.ui.players.Image.PNG</className>
					<componentRoot>main</componentRoot>
					<properties>
						<playerName><![CDATA[flash_btn]]></playerName>
						<rotation type="Integer">0</rotation>
						<y type="Integer">600</y>
						<x type="Integer">365</x>
						<alpha type="Integer">100</alpha>
						<tabIndex type="Integer">1</tabIndex>
						<tabEnabled type="Boolean">false</tabEnabled>
						<visibleOutOfAdmin type="Boolean">true</visibleOutOfAdmin>
						<iconIsDefault type="Boolean">false</iconIsDefault>
						<iconIsIcon type="Boolean">false</iconIsIcon>
						<iconLayoutName><![CDATA[minimal.swf]]></iconLayoutName>
						<iconPageName><![CDATA[new page name]]></iconPageName>
						<fadeInStep type="Integer">100</fadeInStep>
						<tabChildren type="Boolean">false</tabChildren>
						<_focusrect type="Boolean">false</_focusrect>
						<visibleFrame_bool type="Boolean">false</visibleFrame_bool>
						<scaleMode><![CDATA[none]]></scaleMode>
						<useHandCursor type="Boolean">true</useHandCursor>
						<height type="Integer">43</height>
						<width type="Integer">35</width>
						<clickable type="Boolean">true</clickable>
						<url><![CDATA[media/silex-business-card/flash.png]]></url>
					</properties>
					<actions>
						<action>
							<functionName><![CDATA[openUrl]]></functionName>
							<modifier><![CDATA[onRelease]]></modifier>
							<parameters>
								<parameter><![CDATA[?/<<silex.config.id_site>>/&format=flash&autologin=0]]></parameter>
							</parameters>
						</action>
					</actions>
				</component>
				<component>
					<as2Url>plugins/baseComponents/as2/org.silex.ui.players.Image.swf</as2Url>
					<html5Url>plugins/baseComponents/html5#org.silex.ui.Image</html5Url>
					<className>org.silex.ui.players.Image.PNG</className>
					<componentRoot>main</componentRoot>
					<properties>
						<playerName><![CDATA[html5_btn]]></playerName>
						<rotation type="Integer">0</rotation>
						<y type="Integer">600</y>
						<x type="Integer">315</x>
						<alpha type="Integer">100</alpha>
						<tabIndex type="Integer">1</tabIndex>
						<tabEnabled type="Boolean">false</tabEnabled>
						<visibleOutOfAdmin type="Boolean">true</visibleOutOfAdmin>
						<iconIsDefault type="Boolean">false</iconIsDefault>
						<iconIsIcon type="Boolean">false</iconIsIcon>
						<iconLayoutName><![CDATA[minimal.swf]]></iconLayoutName>
						<iconPageName><![CDATA[new page name]]></iconPageName>
						<fadeInStep type="Integer">100</fadeInStep>
						<tabChildren type="Boolean">false</tabChildren>
						<_focusrect type="Boolean">false</_focusrect>
						<visibleFrame_bool type="Boolean">false</visibleFrame_bool>
						<scaleMode><![CDATA[none]]></scaleMode>
						<useHandCursor type="Boolean">true</useHandCursor>
						<height type="Integer">42</height>
						<width type="Float">39.5</width>
						<clickable type="Boolean">true</clickable>
						<url><![CDATA[media/silex-business-card/html-5.png]]></url>
					</properties>
					<actions>
						<action>
							<functionName><![CDATA[openUrl]]></functionName>
							<modifier><![CDATA[onRelease]]></modifier>
							<parameters>
								<parameter><![CDATA[?/<<silex.config.id_site>>/&format=html]]></parameter>
							</parameters>
						</action>
					</actions>
				</component>
				<component>
					<as2Url>plugins/silexComponents/as2/labelButton/labelButton.swf</as2Url>
					<html5Url>plugins/silexComponents/html5#org.silex.ui.components.buttons.LabelButtonBase</html5Url>
					<className>org.silex.ui.components.buttons.LabelButtonBase</className>
					<componentRoot>main</componentRoot>
					<properties>
						<playerName><![CDATA[homepage button]]></playerName>
						<rotation type="Integer">0</rotation>
						<y type="Integer">152</y>
						<x type="Integer">100</x>
						<alpha type="Integer">100</alpha>
						<tabIndex type="Integer">1</tabIndex>
						<tabEnabled type="Boolean">false</tabEnabled>
						<visibleOutOfAdmin type="Boolean">true</visibleOutOfAdmin>
						<iconIsDefault type="Boolean">true</iconIsDefault>
						<iconIsIcon type="Boolean">true</iconIsIcon>
						<iconLayoutName><![CDATA[minimal.swf]]></iconLayoutName>
						<iconPageName><![CDATA[home]]></iconPageName>
						<label><![CDATA[<TEXTFORMAT LEADING="2"><P ALIGN="CENTER"><FONT FACE="arial" SIZE="13" COLOR="#FF3300" LETTERSPACING="0" KERNING="0">Homepage</FONT></P></TEXTFORMAT>]]></label>
						<imageUrl><![CDATA[media/]]></imageUrl>
						<delay type="Integer">0</delay>
						<useHandCursor type="Boolean">true</useHandCursor>
						<clickable type="Boolean">true</clickable>
						<easingDuration type="Integer">3</easingDuration>
						<followMouse type="Boolean">false</followMouse>
						<wordWrap type="Boolean">false</wordWrap>
						<autoSize type="Boolean">true</autoSize>
						<buttonLabelPress><![CDATA[<TEXTFORMAT LEADING="2"><P ALIGN="CENTER"><FONT FACE="arial" SIZE="13" COLOR="#FFFF00" LETTERSPACING="0" KERNING="0">Homepage</FONT></P></TEXTFORMAT>]]></buttonLabelPress>
						<buttonLabelOver><![CDATA[<TEXTFORMAT LEADING="2"><P ALIGN="CENTER"><FONT FACE="arial" SIZE="13" COLOR="#FFAD00" LETTERSPACING="0" KERNING="0">Homepage</FONT></P></TEXTFORMAT>]]></buttonLabelOver>
						<buttonLabelSelect><![CDATA[<TEXTFORMAT LEADING="2"><P ALIGN="CENTER"><FONT FACE="arial" SIZE="13" COLOR="#FF3300" LETTERSPACING="0" KERNING="0">Homepage</FONT></P></TEXTFORMAT>]]></buttonLabelSelect>
						<buttonLabelNormal><![CDATA[<TEXTFORMAT LEADING="2"><P ALIGN="CENTER"><FONT FACE="arial" SIZE="13" COLOR="#FF3300" LETTERSPACING="0" KERNING="0">Homepage</FONT></P></TEXTFORMAT>]]></buttonLabelNormal>
						<centeredHoriz type="Boolean">false</centeredHoriz>
						<height type="Integer">25</height>
						<width type="Integer">70</width>
					</properties>
					<actions></actions>
				</component>
				<component>
					<as2Url>plugins/baseComponents/as2/org.silex.ui.players.Text.swf</as2Url>
					<html5Url>plugins/baseComponents/html5#org.silex.ui.Text</html5Url>
					<className>org.silex.ui.players.Text</className>
					<componentRoot>main</componentRoot>
					<properties>
						<playerName><![CDATA[Text_title]]></playerName>
						<rotation type="Integer">0</rotation>
						<y type="Integer">100</y>
						<x type="Integer">100</x>
						<alpha type="Integer">100</alpha>
						<height type="Integer">45</height>
						<width type="Integer">571</width>
						<tabIndex type="Integer">1</tabIndex>
						<tabEnabled type="Boolean">false</tabEnabled>
						<visibleOutOfAdmin type="Boolean">true</visibleOutOfAdmin>
						<iconIsDefault type="Boolean">false</iconIsDefault>
						<iconIsIcon type="Boolean">false</iconIsIcon>
						<iconLayoutName><![CDATA[minimal.swf]]></iconLayoutName>
						<iconPageName><![CDATA[new page name]]></iconPageName>
						<wordWrap type="Boolean">true</wordWrap>
						<type><![CDATA[dynamic]]></type>
						<password type="Boolean">false</password>
						<mouseWheelEnabled type="Boolean">true</mouseWheelEnabled>
						<backgroundColor type="Integer">16777215</backgroundColor>
						<background type="Boolean">false</background>
						<borderColor type="Integer">0</borderColor>
						<border type="Boolean">false</border>
						<multiline type="Boolean">true</multiline>
						<selectable type="Boolean">true</selectable>
						<scrollbar type="Boolean">false</scrollbar>
						<embedFonts type="Boolean">false</embedFonts>
						<htmlText><![CDATA[<TEXTFORMAT LEADING="2"><P ALIGN="LEFT"><FONT FACE="arial" SIZE="35" COLOR="#FFFFFF" LETTERSPACING="0" KERNING="0">My Silex business card</FONT></P></TEXTFORMAT>]]></htmlText>
						<html type="Boolean">true</html>
					</properties>
					<actions></actions>
				</component>
				<component>
					<as2Url>plugins/baseComponents/as2/Geometry.swf</as2Url>
					<html5Url>plugins/baseComponents/html5#org.silex.ui.Geometry</html5Url>
					<className>org.silex.ui.Rectangle</className>
					<componentRoot>main</componentRoot>
					<properties>
						<playerName><![CDATA[homepage_stroke_background]]></playerName>
						<rotation type="Integer">0</rotation>
						<y type="Integer">50</y>
						<x type="Integer">50</x>
						<alpha type="Integer">100</alpha>
						<height type="Integer">540</height>
						<width type="Integer">860</width>
						<tabIndex type="Integer">1</tabIndex>
						<tabEnabled type="Boolean">false</tabEnabled>
						<visibleOutOfAdmin type="Boolean">true</visibleOutOfAdmin>
						<iconIsDefault type="Boolean">false</iconIsDefault>
						<iconIsIcon type="Boolean">false</iconIsIcon>
						<iconLayoutName><![CDATA[minimal.swf]]></iconLayoutName>
						<iconPageName><![CDATA[new page name]]></iconPageName>
						<nbSides type="Integer">6</nbSides>
						<nbBranches type="Integer">5</nbBranches>
						<rInterne type="Integer">25</rInterne>
						<miterLimit type="Integer">3</miterLimit>
						<jointStyle><![CDATA[round]]></jointStyle>
						<capsStyle><![CDATA[none]]></capsStyle>
						<noScale><![CDATA[normal]]></noScale>
						<pixelHinting type="Boolean">true</pixelHinting>
						<shape><![CDATA[Rectangle]]></shape>
						<useHandCursor type="Boolean">false</useHandCursor>
						<fusionMode><![CDATA[normal]]></fusionMode>
						<dropShadowBlurY type="Integer">5</dropShadowBlurY>
						<dropShadowBlurX type="Integer">5</dropShadowBlurX>
						<dropShadowAngle type="Integer">45</dropShadowAngle>
						<dropShadowDistance type="Integer">5</dropShadowDistance>
						<dropShadowColor type="Integer">13421772</dropShadowColor>
						<dropShadowAlpha type="Integer">1</dropShadowAlpha>
						<dropShadow type="Boolean">false</dropShadow>
						<gradientRotation type="Integer">0</gradientRotation>
						<gradientRatio type="Array">
							<item type="Integer">0</item>
							<item type="Integer">255</item>
						</gradientRatio>
						<gradientAlpha type="Array">
							<item type="Integer">100</item>
							<item type="Integer">100</item>
						</gradientAlpha>
						<gradientColors type="Array">
							<item type="Integer">12237498</item>
							<item type="Integer">6316128</item>
						</gradientColors>
						<bitmapFillSmooth type="Boolean">false</bitmapFillSmooth>
						<bitmapFillRepeat type="Boolean">true</bitmapFillRepeat>
						<bitmapFillUrl><![CDATA[plugins/baseComponents/geometry_tile.swf]]></bitmapFillUrl>
						<fill><![CDATA[solid]]></fill>
						<bgColor type="Integer">328451</bgColor>
						<bgAlpha type="Integer">100</bgAlpha>
						<borderAlpha type="Integer">50</borderAlpha>
						<lineThickness type="Integer">1</lineThickness>
						<borderColor type="Integer">16737843</borderColor>
						<border type="Boolean">true</border>
						<BLcornerRadius type="Integer">0</BLcornerRadius>
						<BRcornerRadius type="Integer">0</BRcornerRadius>
						<TRcornerRadius type="Integer">0</TRcornerRadius>
						<TLcornerRadius type="Integer">0</TLcornerRadius>
					</properties>
					<actions></actions>
				</component>
				<component>
					<as2Url>plugins/baseComponents/as2/org.silex.ui.players.Text.swf</as2Url>
					<html5Url>plugins/baseComponents/html5#org.silex.ui.Text</html5Url>
					<className>org.silex.ui.players.Text</className>
					<componentRoot>main</componentRoot>
					<properties>
						<playerName><![CDATA[Text_switch]]></playerName>
						<rotation type="Integer">0</rotation>
						<y type="Integer">607</y>
						<x type="Integer">50</x>
						<alpha type="Integer">100</alpha>
						<height type="Integer">33</height>
						<width type="Integer">270</width>
						<tabIndex type="Integer">1</tabIndex>
						<tabEnabled type="Boolean">false</tabEnabled>
						<visibleOutOfAdmin type="Boolean">true</visibleOutOfAdmin>
						<iconIsDefault type="Boolean">false</iconIsDefault>
						<iconIsIcon type="Boolean">false</iconIsIcon>
						<iconLayoutName><![CDATA[minimal.swf]]></iconLayoutName>
						<iconPageName><![CDATA[new page name]]></iconPageName>
						<wordWrap type="Boolean">true</wordWrap>
						<type><![CDATA[dynamic]]></type>
						<password type="Boolean">false</password>
						<mouseWheelEnabled type="Boolean">true</mouseWheelEnabled>
						<backgroundColor type="Integer">16777215</backgroundColor>
						<background type="Boolean">false</background>
						<borderColor type="Integer">0</borderColor>
						<border type="Boolean">false</border>
						<multiline type="Boolean">true</multiline>
						<selectable type="Boolean">true</selectable>
						<scrollbar type="Boolean">false</scrollbar>
						<embedFonts type="Boolean">false</embedFonts>
						<htmlText><![CDATA[<TEXTFORMAT LEADING="2"><P ALIGN="LEFT"><FONT FACE="_sans" SIZE="15" COLOR="#FF6600" LETTERSPACING="0" KERNING="0">Switch between business card versions</FONT></P></TEXTFORMAT>]]></htmlText>
						<html type="Boolean">true</html>
					</properties>
					<actions></actions>
				</component>
			</components>
		</subLayer>
	</subLayers>
</layer>
