﻿<?xml version="1.0" encoding="UTF-8"?><element type_str="object" name_str="root"><element type_str="string" name_str="title"><![CDATA[About]]></element><element type_str="string" name_str="deeplink"><![CDATA[start%2Fabout]]></element><element type_str="string" name_str="pubDate"><![CDATA[Tue+May+24+16%3A32%3A00+GMT%2B0200+2011]]></element><element type_str="string" name_str="urlBase"><![CDATA[wall_shelf_2%2F]]></element><element type_str="object" name_str="content"><element type_str="object" name_str="0"><element type_str="string" name_str="text"><![CDATA[Lorem+Ipsum+is+simply+dummy%2Ctext+of+the+printing+and+typesetting+industry.+Lorem+Ipsum+has+been+the+industry%27s+standard+dummy+text+ever+since+the+1500s%2C+when+an+unknown+printer+took+a+galley+of+type+and+scrambled+it+to+make+a+type+specimen+book.+It+has+survived+not+only+five+centuries%2C+but+also+the+leap+into+electronic+typesetting%2C+remaining+essentially+unchanged.+It+was+popularised+in+the+1960s+with+the+release+of+Letraset+sheets+containing+Lorem+Ipsum+passages%2C+and+more+recently+with+desktop+publishing+software+like+Aldus+PageMaker+including+versions+of+Lorem+Ipsum.Contrary+to+popular+belief%2C+Lorem+Ipsum+is+not+simply+random+text.+It+has+roots+in+a+piece+of+classical+Latin+literature+from+45+BC%2C+making+it+over+2000+years+old.+Richard+McClintock%2C+a+Latin+professor+at+Hampden-Sydney+College+in+Virginia%2C+looked+up+one+of+the+more+obscure+Latin+words%2C+consectetur%2C+from+a+Lorem+Ipsum+passage%2C+and+going+through+the+cites+of+the+word+in+classical+literature%2C+discovered+the+undoubtable+source.+Lorem+Ipsum+comes+from+sections+1.10.32+and+1.10.33+of+%22de+Finibus+Bonorum+et+Malorum%22+%28The+Extremes+of+Good+and+Evil%29+by+Cicero%2C+written+in+45+BC.+This+book+is+a+treatise+on+the+theory+of+ethics%2C+very+popular+during+the+Renaissance.+The+first+line+of+Lorem+Ipsum%2C+%22Lorem+ipsum+dolor+sit+amet..%22%2C+comes+from+a+line+in+section+1.10.32.]]></element><element type_str="string" name_str="htmlEquivalent"><![CDATA[%3Cp%3E%3CTEXTFORMAT+LEADING%3D%222%22%3E%3CP+ALIGN%3D%22LEFT%22%3E%3CFONT+FACE%3D%22Times+New+Roman%22+SIZE%3D%2225%22+COLOR%3D%22%23FFFFFF%22+LETTERSPACING%3D%220%22+KERNING%3D%220%22%3ELorem+Ipsum+is+simply+dummy%2C%3CFONT+SIZE%3D%2215%22%3E%3C%2FFONT%3E%3C%2FFONT%3E%3C%2FP%3E%3C%2FTEXTFORMAT%3E%3CTEXTFORMAT+LEADING%3D%222%22%3E%3CP+ALIGN%3D%22LEFT%22%3E%3CFONT+FACE%3D%22Times+New+Roman%22+SIZE%3D%2215%22+COLOR%3D%22%235A5A5A%22+LETTERSPACING%3D%220%22+KERNING%3D%220%22%3E%3C%2FFONT%3E%3C%2FP%3E%3C%2FTEXTFORMAT%3E%3CTEXTFORMAT+LEADING%3D%222%22%3E%3CP+ALIGN%3D%22LEFT%22%3E%3CFONT+FACE%3D%22Times+New+Roman%22+SIZE%3D%2215%22+COLOR%3D%22%23979890%22+LETTERSPACING%3D%220%22+KERNING%3D%220%22%3Etext+of+the+printing+and+typesetting+industry.+Lorem+Ipsum+has+been+the+industry%26apos%3Bs+standard+dummy+text+ever+since+the+1500s%2C+when+an+unknown+printer+took+a+galley+of+type+and+scrambled+it+to+make+a+type+specimen+book.+It+has+survived+not+only+five+centuries%2C+but+also+the+leap+into+electronic+typesetting%2C+remaining+essentially+unchanged.+It+was+popularised+in+the+1960s+with+the+release+of+Letraset+sheets+containing+Lorem+Ipsum+passages%2C+and+more+recently+with+desktop+publishing+software+like+Aldus+PageMaker+including+versions+of+Lorem+Ipsum.%3CFONT+COLOR%3D%22%235A5A5A%22%3E%3C%2FFONT%3E%3C%2FFONT%3E%3C%2FP%3E%3C%2FTEXTFORMAT%3E%3CTEXTFORMAT+LEADING%3D%222%22%3E%3CP+ALIGN%3D%22LEFT%22%3E%3CFONT+FACE%3D%22Times+New+Roman%22+SIZE%3D%2215%22+COLOR%3D%22%235A5A5A%22+LETTERSPACING%3D%220%22+KERNING%3D%220%22%3E%3C%2FFONT%3E%3C%2FP%3E%3C%2FTEXTFORMAT%3E%3CTEXTFORMAT+LEADING%3D%222%22%3E%3CP+ALIGN%3D%22LEFT%22%3E%3CFONT+FACE%3D%22Times+New+Roman%22+SIZE%3D%2225%22+COLOR%3D%22%23FFFFFF%22+LETTERSPACING%3D%220%22+KERNING%3D%220%22%3EContrary+to+popular+belief%2C+%3CFONT+SIZE%3D%2215%22+COLOR%3D%22%235A5A5A%22%3E%3C%2FFONT%3E%3C%2FFONT%3E%3C%2FP%3E%3C%2FTEXTFORMAT%3E%3CTEXTFORMAT+LEADING%3D%222%22%3E%3CP+ALIGN%3D%22LEFT%22%3E%3CFONT+FACE%3D%22Times+New+Roman%22+SIZE%3D%2215%22+COLOR%3D%22%235A5A5A%22+LETTERSPACING%3D%220%22+KERNING%3D%220%22%3E%3C%2FFONT%3E%3C%2FP%3E%3C%2FTEXTFORMAT%3E%3CTEXTFORMAT+LEADING%3D%222%22%3E%3CP+ALIGN%3D%22LEFT%22%3E%3CFONT+FACE%3D%22Times+New+Roman%22+SIZE%3D%2215%22+COLOR%3D%22%23979890%22+LETTERSPACING%3D%220%22+KERNING%3D%220%22%3ELorem+Ipsum+is+not+simply+random+text.+It+has+roots+in+a+piece+of+classical+Latin+literature+from+45+BC%2C+making+it+over+2000+years+old.+Richard+McClintock%2C+a+Latin+professor+at+Hampden-Sydney+College+in+Virginia%2C+looked+up+one+of+the+more+obscure+Latin+words%2C+consectetur%2C+from+a+Lorem+Ipsum+passage%2C+and+going+through+the+cites+of+the+word+in+classical+literature%2C+discovered+the+undoubtable+source.+Lorem+Ipsum+comes+from+sections+1.10.32+and+1.10.33+of+%26quot%3Bde+Finibus+Bonorum+et+Malorum%26quot%3B+%28The+Extremes+of+Good+and+Evil%29+by+Cicero%2C+written+in+45+BC.+This+book+is+a+treatise+on+the+theory+of+ethics%2C+very+popular+during+the+Renaissance.+The+first+line+of+Lorem+Ipsum%2C+%26quot%3BLorem+ipsum+dolor+sit+amet..%26quot%3B%2C+comes+from+a+line+in+section+1.10.32.%3CFONT+COLOR%3D%22%235A5A5A%22%3E%3C%2FFONT%3E%3C%2FFONT%3E%3C%2FP%3E%3C%2FTEXTFORMAT%3E%3C%2Fp%3E]]></element></element></element></element>