﻿<?xml version="1.0" encoding="UTF-8"?><element type_str="object" name_str="root"><element type_str="string" name_str="title"><![CDATA[Contact]]></element><element type_str="string" name_str="deeplink"><![CDATA[start%2Fcontact]]></element><element type_str="string" name_str="pubDate"><![CDATA[Wed+Jun+15+19%3A30%3A58+GMT%2B0200+2011]]></element><element type_str="string" name_str="urlBase"><![CDATA[wall_shelf_2%2F]]></element><element type_str="object" name_str="content"><element type_str="object" name_str="0"><element type_str="string" name_str="htmlEquivalent"><![CDATA[NaN%22%3E%3C%2Fiframe%3E]]></element></element><element type_str="object" name_str="1"><element type_str="string" name_str="text"><![CDATA[contact++silex+labs+138%2C+rue+de+vincennes+93310+montreuil+france++email+%3A+vnfuvnfjvnfud+%5Bat%5D+vfvf.com+tel+%3A+0123456789+++++]]></element><element type_str="string" name_str="htmlEquivalent"><![CDATA[%3Cp%3E%3CTEXTFORMAT+LEADING%3D%222%22%3E%3CP+ALIGN%3D%22LEFT%22%3E%3CFONT+FACE%3D%22Times+New+Roman%22+SIZE%3D%2225%22+COLOR%3D%22%23FFFFFF%22+LETTERSPACING%3D%220%22+KERNING%3D%220%22%3EContact%3C%2FFONT%3E%3C%2FP%3E%3C%2FTEXTFORMAT%3E%3CTEXTFORMAT+LEADING%3D%222%22%3E%3CP+ALIGN%3D%22LEFT%22%3E%3CFONT+FACE%3D%22Times+New+Roman%22+SIZE%3D%2225%22+COLOR%3D%22%23FFFFFF%22+LETTERSPACING%3D%220%22+KERNING%3D%220%22%3E%3C%2FFONT%3E%3C%2FP%3E%3C%2FTEXTFORMAT%3E%3CTEXTFORMAT+LEADING%3D%222%22%3E%3CP+ALIGN%3D%22LEFT%22%3E%3CFONT+FACE%3D%22Times+New+Roman%22+SIZE%3D%2215%22+COLOR%3D%22%23979890%22+LETTERSPACING%3D%220%22+KERNING%3D%220%22%3ESilex+Labs%3C%2FFONT%3E%3C%2FP%3E%3C%2FTEXTFORMAT%3E%3CTEXTFORMAT+LEADING%3D%222%22%3E%3CP+ALIGN%3D%22LEFT%22%3E%3CFONT+FACE%3D%22Times+New+Roman%22+SIZE%3D%2215%22+COLOR%3D%22%23979890%22+LETTERSPACING%3D%220%22+KERNING%3D%220%22%3E138%2C+Rue+de+Vincennes%3C%2FFONT%3E%3C%2FP%3E%3C%2FTEXTFORMAT%3E%3CTEXTFORMAT+LEADING%3D%222%22%3E%3CP+ALIGN%3D%22LEFT%22%3E%3CFONT+FACE%3D%22Times+New+Roman%22+SIZE%3D%2215%22+COLOR%3D%22%23979890%22+LETTERSPACING%3D%220%22+KERNING%3D%220%22%3E93310+Montreuil%3C%2FFONT%3E%3C%2FP%3E%3C%2FTEXTFORMAT%3E%3CTEXTFORMAT+LEADING%3D%222%22%3E%3CP+ALIGN%3D%22LEFT%22%3E%3CFONT+FACE%3D%22Times+New+Roman%22+SIZE%3D%2215%22+COLOR%3D%22%23979890%22+LETTERSPACING%3D%220%22+KERNING%3D%220%22%3EFRANCE%3C%2FFONT%3E%3C%2FP%3E%3C%2FTEXTFORMAT%3E%3CTEXTFORMAT+LEADING%3D%222%22%3E%3CP+ALIGN%3D%22LEFT%22%3E%3CFONT+FACE%3D%22Times+New+Roman%22+SIZE%3D%2215%22+COLOR%3D%22%23979890%22+LETTERSPACING%3D%220%22+KERNING%3D%220%22%3E%3C%2FFONT%3E%3C%2FP%3E%3C%2FTEXTFORMAT%3E%3CTEXTFORMAT+LEADING%3D%222%22%3E%3CP+ALIGN%3D%22LEFT%22%3E%3CFONT+FACE%3D%22Times+New+Roman%22+SIZE%3D%2215%22+COLOR%3D%22%23979890%22+LETTERSPACING%3D%220%22+KERNING%3D%220%22%3EEmail+%3A+%3CA+HREF%3D%22mailto%3Aexample+%5Bat%5D+server.com%22+TARGET%3D%22_blank%22%3Evnfuvnfjvnfud+%5Bat%5D+vfvf.com%3C%2FA%3E%3C%2FFONT%3E%3C%2FP%3E%3C%2FTEXTFORMAT%3E%3CTEXTFORMAT+LEADING%3D%222%22%3E%3CP+ALIGN%3D%22LEFT%22%3E%3CFONT+FACE%3D%22Times+New+Roman%22+SIZE%3D%2215%22+COLOR%3D%22%23979890%22+LETTERSPACING%3D%220%22+KERNING%3D%220%22%3ETel+%3A+0123456789%3C%2FFONT%3E%3C%2FP%3E%3C%2FTEXTFORMAT%3E%3CTEXTFORMAT+LEADING%3D%222%22%3E%3CP+ALIGN%3D%22LEFT%22%3E%3CFONT+FACE%3D%22Times+New+Roman%22+SIZE%3D%2215%22+COLOR%3D%22%23979890%22+LETTERSPACING%3D%220%22+KERNING%3D%220%22%3E%3C%2FFONT%3E%3C%2FP%3E%3C%2FTEXTFORMAT%3E%3CTEXTFORMAT+LEADING%3D%222%22%3E%3CP+ALIGN%3D%22LEFT%22%3E%3CFONT+FACE%3D%22Times+New+Roman%22+SIZE%3D%2215%22+COLOR%3D%22%23979890%22+LETTERSPACING%3D%220%22+KERNING%3D%220%22%3E%3C%2FFONT%3E%3C%2FP%3E%3C%2FTEXTFORMAT%3E%3CTEXTFORMAT+LEADING%3D%222%22%3E%3CP+ALIGN%3D%22LEFT%22%3E%3CFONT+FACE%3D%22Times+New+Roman%22+SIZE%3D%2215%22+COLOR%3D%22%23979890%22+LETTERSPACING%3D%220%22+KERNING%3D%220%22%3E%3C%2FFONT%3E%3C%2FP%3E%3C%2FTEXTFORMAT%3E%3CTEXTFORMAT+LEADING%3D%222%22%3E%3CP+ALIGN%3D%22LEFT%22%3E%3CFONT+FACE%3D%22_sans%22+SIZE%3D%2215%22+COLOR%3D%22%23979890%22+LETTERSPACING%3D%220%22+KERNING%3D%220%22%3E%3C%2FFONT%3E%3C%2FP%3E%3C%2FTEXTFORMAT%3E%3C%2Fp%3E]]></element></element></element></element>