﻿<?xml version="1.0" encoding="UTF-8"?><element type_str="object" name_str="root"><element type_str="string" name_str="title"><![CDATA[Home]]></element><element type_str="string" name_str="deeplink"><![CDATA[start%2Fhome]]></element><element type_str="string" name_str="pubDate"><![CDATA[Wed+May+25+12%3A00%3A55+GMT%2B0200+2011]]></element><element type_str="string" name_str="urlBase"><![CDATA[wall_shelf_2%2F]]></element><element type_str="object" name_str="content"><element type_str="object" name_str="0"><element type_str="string" name_str="htmlEquivalent"><![CDATA[%3Cimg+name%3D%22templatemo_image_02%22+src%3D%22..%2F..%2F..%2Fmedia%2Fwall_shelf%2Ftemplatemo_image_02.jpg%22%3E]]></element></element><element type_str="object" name_str="1"><element type_str="string" name_str="text"><![CDATA[Features+Design]]></element><element type_str="string" name_str="htmlEquivalent"><![CDATA[%3Cp%3E%3CTEXTFORMAT+LEADING%3D%222%22%3E%3CP+ALIGN%3D%22LEFT%22%3E%3CFONT+FACE%3D%22Times+New+Roman%22+SIZE%3D%2225%22+COLOR%3D%22%23FFFFFF%22+LETTERSPACING%3D%220%22+KERNING%3D%220%22%3EFeatures+Design%3C%2FFONT%3E%3C%2FP%3E%3C%2FTEXTFORMAT%3E%3C%2Fp%3E]]></element></element><element type_str="object" name_str="2"><element type_str="string" name_str="text"><![CDATA[Lorem+IpsumLorem+Ipsum+is+simply+dummy+text+of+the+printing+and+typesetting+industry.+Lorem+Ipsum+has+been+the+industry%27s+standard+dummy+text+ever+since+the+1500s%2C+when+an+Read+more...]]></element><element type_str="string" name_str="htmlEquivalent"><![CDATA[%3Cp%3E%3CTEXTFORMAT+LEADING%3D%222%22%3E%3CP+ALIGN%3D%22LEFT%22%3E%3CFONT+FACE%3D%22Times+New+Roman%22+SIZE%3D%2225%22+COLOR%3D%22%23FFFFFF%22+LETTERSPACING%3D%220%22+KERNING%3D%221%22%3ELorem+Ipsum%3C%2FFONT%3E%3C%2FP%3E%3C%2FTEXTFORMAT%3E%3CTEXTFORMAT+LEADING%3D%222%22%3E%3CP+ALIGN%3D%22LEFT%22%3E%3CFONT+FACE%3D%22Times+New+Roman%22+SIZE%3D%2215%22+COLOR%3D%22%235A5A5A%22+LETTERSPACING%3D%220%22+KERNING%3D%220%22%3E%3C%2FFONT%3E%3C%2FP%3E%3C%2FTEXTFORMAT%3E%3CTEXTFORMAT+LEADING%3D%222%22%3E%3CP+ALIGN%3D%22LEFT%22%3E%3CFONT+FACE%3D%22Times+New+Roman%22+SIZE%3D%2215%22+COLOR%3D%22%23979890%22+LETTERSPACING%3D%220%22+KERNING%3D%220%22%3ELorem+Ipsum+is+simply+dummy+text+of+the+printing+and+typesetting+industry.+Lorem+Ipsum+has+been+the+industry%26apos%3Bs+standard+dummy+text+ever+since+the+1500s%2C+when+an+%3C%2FFONT%3E%3C%2FP%3E%3C%2FTEXTFORMAT%3E%3CTEXTFORMAT+LEADING%3D%222%22%3E%3CP+ALIGN%3D%22LEFT%22%3E%3CFONT+FACE%3D%22Times+New+Roman%22+SIZE%3D%2215%22+COLOR%3D%22%23979890%22+LETTERSPACING%3D%220%22+KERNING%3D%221%22%3E%3C%2FFONT%3E%3C%2FP%3E%3C%2FTEXTFORMAT%3E%3CTEXTFORMAT+LEADING%3D%222%22%3E%3CP+ALIGN%3D%22LEFT%22%3E%3CFONT+FACE%3D%22Times+New+Roman%22+SIZE%3D%2215%22+COLOR%3D%22%23FFFFFF%22+LETTERSPACING%3D%220%22+KERNING%3D%221%22%3ERead+more...%3C%2FFONT%3E%3C%2FP%3E%3C%2FTEXTFORMAT%3E%3C%2Fp%3E]]></element></element><element type_str="object" name_str="3"><element type_str="string" name_str="text"><![CDATA[Lorem+Ipsum+is+simply+dummy+text+of+the+printing+and+typesetting+industry.+Lorem+Ipsum+has+been+the+industry%27s+standard+dummy+text+ever+since+the+1500s%2C+when+an+unknown+printer+took+a+galley.Read+more...]]></element><element type_str="string" name_str="htmlEquivalent"><![CDATA[%3Cp%3E%3CTEXTFORMAT+LEADING%3D%222%22%3E%3CP+ALIGN%3D%22LEFT%22%3E%3CFONT+FACE%3D%22Times+New+Roman%22+SIZE%3D%2215%22+COLOR%3D%22%23979890%22+LETTERSPACING%3D%220%22+KERNING%3D%220%22%3ELorem+Ipsum+is+simply+dummy+text+of+the+printing+and+typesetting+industry.+Lorem+Ipsum+has+been+the+industry%26apos%3Bs+standard+dummy+text+ever+since+the+1500s%2C+when+an+unknown+printer+took+a+galley.%3C%2FFONT%3E%3C%2FP%3E%3C%2FTEXTFORMAT%3E%3CTEXTFORMAT+LEADING%3D%222%22%3E%3CP+ALIGN%3D%22LEFT%22%3E%3CFONT+FACE%3D%22Times+New+Roman%22+SIZE%3D%2215%22+COLOR%3D%22%23979890%22+LETTERSPACING%3D%220%22+KERNING%3D%220%22%3E%3C%2FFONT%3E%3C%2FP%3E%3C%2FTEXTFORMAT%3E%3CTEXTFORMAT+LEADING%3D%222%22%3E%3CP+ALIGN%3D%22LEFT%22%3E%3CFONT+FACE%3D%22Times+New+Roman%22+SIZE%3D%2215%22+COLOR%3D%22%23FFFFFF%22+LETTERSPACING%3D%220%22+KERNING%3D%220%22%3ERead+more...%3CFONT+COLOR%3D%22%23979890%22%3E%3C%2FFONT%3E%3C%2FFONT%3E%3C%2FP%3E%3C%2FTEXTFORMAT%3E%3C%2Fp%3E]]></element></element><element type_str="object" name_str="4"><element type_str="string" name_str="htmlEquivalent"><![CDATA[%3Cimg+name%3D%22templatemo_image_01%22+src%3D%22..%2F..%2F..%2Fmedia%2Fwall_shelf%2Ftemplatemo_image_01.jpg%22%3E]]></element></element><element type_str="object" name_str="5"><element type_str="string" name_str="text"><![CDATA[Contrary+to%2C+]]></element><element type_str="string" name_str="htmlEquivalent"><![CDATA[%3Cp%3E%3CTEXTFORMAT+LEADING%3D%222%22%3E%3CP+ALIGN%3D%22LEFT%22%3E%3CFONT+FACE%3D%22Times+New+Roman%22+SIZE%3D%2225%22+COLOR%3D%22%23FFFFFF%22+LETTERSPACING%3D%220%22+KERNING%3D%220%22%3EContrary+to%2C+%3C%2FFONT%3E%3C%2FP%3E%3C%2FTEXTFORMAT%3E%3C%2Fp%3E]]></element></element><element type_str="object" name_str="6"><element type_str="string" name_str="text"><![CDATA[Lorem+Ipsum+is+simply+dummyLorem+Ipsum+is+simply+dummy+text+of+the+printing+and+typesetting+industry.+Lorem+Ipsum+has+been+the+industry%27s+standard+dummy+text+ever+since+the+1500s%2C+when+an+unknown+printer+took+a+galley+of+type+and+scrambled+it+to+make+a+type+specimen+book.+It+has+survived+not+only+five+centuries%2C+but+also+the.]]></element><element type_str="string" name_str="htmlEquivalent"><![CDATA[%3Cp%3E%3CTEXTFORMAT+LEADING%3D%222%22%3E%3CP+ALIGN%3D%22LEFT%22%3E%3CFONT+FACE%3D%22Times+New+Roman%22+SIZE%3D%2225%22+COLOR%3D%22%23FFFFFF%22+LETTERSPACING%3D%220%22+KERNING%3D%221%22%3ELorem+Ipsum+is+simply+dummy%3C%2FFONT%3E%3C%2FP%3E%3C%2FTEXTFORMAT%3E%3CTEXTFORMAT+LEADING%3D%222%22%3E%3CP+ALIGN%3D%22LEFT%22%3E%3CFONT+FACE%3D%22Times+New+Roman%22+SIZE%3D%2215%22+COLOR%3D%22%235A5A5A%22+LETTERSPACING%3D%220%22+KERNING%3D%220%22%3E%3C%2FFONT%3E%3C%2FP%3E%3C%2FTEXTFORMAT%3E%3CTEXTFORMAT+LEADING%3D%222%22%3E%3CP+ALIGN%3D%22LEFT%22%3E%3CFONT+FACE%3D%22Times+New+Roman%22+SIZE%3D%2215%22+COLOR%3D%22%23979890%22+LETTERSPACING%3D%220%22+KERNING%3D%220%22%3ELorem+Ipsum+is+simply+dummy+text+of+the+printing+and+typesetting+industry.+Lorem+Ipsum+has+been+the+industry%26apos%3Bs+standard+dummy+text+ever+since+the+1500s%2C+when+an+unknown+printer+took+a+galley+of+type+and+scrambled+it+to+make+a+type+specimen+book.+It+has+survived+not+only+five+centuries%2C+but+also+the.%3C%2FFONT%3E%3C%2FP%3E%3C%2FTEXTFORMAT%3E%3C%2Fp%3E]]></element></element></element></element>