﻿<?xml version="1.0" encoding="UTF-8"?><element type_str="object" name_str="root"><element type_str="string" name_str="title"><![CDATA[Services]]></element><element type_str="string" name_str="deeplink"><![CDATA[start%2Fservices]]></element><element type_str="string" name_str="pubDate"><![CDATA[Tue+May+24+16%3A55%3A04+GMT%2B0200+2011]]></element><element type_str="string" name_str="urlBase"><![CDATA[wall_shelf_2%2F]]></element><element type_str="object" name_str="content"><element type_str="object" name_str="0"><element type_str="string" name_str="text"><![CDATA[Lorem+Ipsum+is+simply+dummy+text+of+the+printing+and+typesetting+industry.+Lorem+Ipsum+has+been+the+industry%27s+standard+dummy+text+ever+since+the+1500s%2C+when+an+unknown+printer+took+a+galley+of+type+and+scrambled+it+to+make+a+type+specimen+book.+It+has+survived+not]]></element><element type_str="string" name_str="htmlEquivalent"><![CDATA[%3Cp%3E%3CTEXTFORMAT+LEADING%3D%222%22%3E%3CP+ALIGN%3D%22LEFT%22%3E%3CFONT+FACE%3D%22Times+New+Roman%22+SIZE%3D%2215%22+COLOR%3D%22%23979890%22+LETTERSPACING%3D%220%22+KERNING%3D%220%22%3ELorem+Ipsum+is+simply+dummy+text+of+the+printing+and+typesetting+industry.+Lorem+Ipsum+has+been+the+industry%26apos%3Bs+standard+dummy+text+ever+since+the+1500s%2C+when+an+unknown+printer+took+a+galley+of+type+and+scrambled+it+to+make+a+type+specimen+book.+It+has+survived+not%3C%2FFONT%3E%3C%2FP%3E%3C%2FTEXTFORMAT%3E%3C%2Fp%3E]]></element></element><element type_str="object" name_str="1"><element type_str="string" name_str="text"><![CDATA[Lorem+Ipsum+is+simply+dummy+text+of+the+printing+and+typesetting+industry.+Lorem+Ipsum+has+been+the+industry%27s]]></element><element type_str="string" name_str="htmlEquivalent"><![CDATA[%3Cp%3E%3CTEXTFORMAT+LEADING%3D%222%22%3E%3CP+ALIGN%3D%22LEFT%22%3E%3CFONT+FACE%3D%22Times+New+Roman%22+SIZE%3D%2215%22+COLOR%3D%22%23979890%22+LETTERSPACING%3D%220%22+KERNING%3D%220%22%3ELorem+Ipsum+is+simply+dummy+text+of+the+printing+and+typesetting+industry.+Lorem+Ipsum+has+been+the+industry%26apos%3Bs%3C%2FFONT%3E%3C%2FP%3E%3C%2FTEXTFORMAT%3E%3C%2Fp%3E]]></element></element><element type_str="object" name_str="2"><element type_str="string" name_str="text"><![CDATA[04]]></element><element type_str="string" name_str="htmlEquivalent"><![CDATA[%3Cp%3E%3CTEXTFORMAT+LEADING%3D%222%22%3E%3CP+ALIGN%3D%22LEFT%22%3E%3CFONT+FACE%3D%22Times+New+Roman%22+SIZE%3D%2272%22+COLOR%3D%22%23FFFFFF%22+LETTERSPACING%3D%220%22+KERNING%3D%220%22%3E04%3C%2FFONT%3E%3C%2FP%3E%3C%2FTEXTFORMAT%3E%3C%2Fp%3E]]></element></element><element type_str="object" name_str="3"><element type_str="string" name_str="text"><![CDATA[Lorem+Ipsum+is+simply+dummy+text+of+the+printing+and+typesetting+industry.+Lorem+Ipsum+has+been+the+industry%27s+standard+dummy+text+ever+since+the+1500s%2C+when+an+unknown+printer+took+a+galley+of+type+and+scrambled+it+to+make+a+type+specimen+book.+It+has+survived+not]]></element><element type_str="string" name_str="htmlEquivalent"><![CDATA[%3Cp%3E%3CTEXTFORMAT+LEADING%3D%222%22%3E%3CP+ALIGN%3D%22LEFT%22%3E%3CFONT+FACE%3D%22Times+New+Roman%22+SIZE%3D%2215%22+COLOR%3D%22%23979890%22+LETTERSPACING%3D%220%22+KERNING%3D%220%22%3ELorem+Ipsum+is+simply+dummy+text+of+the+printing+and+typesetting+industry.+Lorem+Ipsum+has+been+the+industry%26apos%3Bs+standard+dummy+text+ever+since+the+1500s%2C+when+an+unknown+printer+took+a+galley+of+type+and+scrambled+it+to+make+a+type+specimen+book.+It+has+survived+not%3C%2FFONT%3E%3C%2FP%3E%3C%2FTEXTFORMAT%3E%3C%2Fp%3E]]></element></element><element type_str="object" name_str="4"><element type_str="string" name_str="text"><![CDATA[Lorem+Ipsum+is+simply+dummy+text+of+the+printing+and+typesetting+industry.+Lorem+Ipsum+has+been+the+industry%27s]]></element><element type_str="string" name_str="htmlEquivalent"><![CDATA[%3Cp%3E%3CTEXTFORMAT+LEADING%3D%222%22%3E%3CP+ALIGN%3D%22LEFT%22%3E%3CFONT+FACE%3D%22Times+New+Roman%22+SIZE%3D%2215%22+COLOR%3D%22%23979890%22+LETTERSPACING%3D%220%22+KERNING%3D%220%22%3ELorem+Ipsum+is+simply+dummy+text+of+the+printing+and+typesetting+industry.+Lorem+Ipsum+has+been+the+industry%26apos%3Bs%3C%2FFONT%3E%3C%2FP%3E%3C%2FTEXTFORMAT%3E%3C%2Fp%3E]]></element></element><element type_str="object" name_str="5"><element type_str="string" name_str="text"><![CDATA[03]]></element><element type_str="string" name_str="htmlEquivalent"><![CDATA[%3Cp%3E%3CTEXTFORMAT+LEADING%3D%222%22%3E%3CP+ALIGN%3D%22LEFT%22%3E%3CFONT+FACE%3D%22Times+New+Roman%22+SIZE%3D%2272%22+COLOR%3D%22%23FFFFFF%22+LETTERSPACING%3D%220%22+KERNING%3D%220%22%3E03%3C%2FFONT%3E%3C%2FP%3E%3C%2FTEXTFORMAT%3E%3C%2Fp%3E]]></element></element><element type_str="object" name_str="6"><element type_str="string" name_str="text"><![CDATA[Lorem+Ipsum+is+simply+dummy+text+of+the+printing+and+typesetting+industry.+Lorem+Ipsum+has+been+the+industry%27s+standard+dummy+text+ever+since+the+1500s%2C+when+an+unknown+printer+took+a+galley+of+type+and+scrambled+it+to+make+a+type+specimen+book.+It+has+survived+not]]></element><element type_str="string" name_str="htmlEquivalent"><![CDATA[%3Cp%3E%3CTEXTFORMAT+LEADING%3D%222%22%3E%3CP+ALIGN%3D%22LEFT%22%3E%3CFONT+FACE%3D%22Times+New+Roman%22+SIZE%3D%2215%22+COLOR%3D%22%23979890%22+LETTERSPACING%3D%220%22+KERNING%3D%220%22%3ELorem+Ipsum+is+simply+dummy+text+of+the+printing+and+typesetting+industry.+Lorem+Ipsum+has+been+the+industry%26apos%3Bs+standard+dummy+text+ever+since+the+1500s%2C+when+an+unknown+printer+took+a+galley+of+type+and+scrambled+it+to+make+a+type+specimen+book.+It+has+survived+not%3C%2FFONT%3E%3C%2FP%3E%3C%2FTEXTFORMAT%3E%3C%2Fp%3E]]></element></element><element type_str="object" name_str="7"><element type_str="string" name_str="text"><![CDATA[Lorem+Ipsum+is+simply+dummy+text+of+the+printing+and+typesetting+industry.+Lorem+Ipsum+has+been+the+industry%27s]]></element><element type_str="string" name_str="htmlEquivalent"><![CDATA[%3Cp%3E%3CTEXTFORMAT+LEADING%3D%222%22%3E%3CP+ALIGN%3D%22LEFT%22%3E%3CFONT+FACE%3D%22Times+New+Roman%22+SIZE%3D%2215%22+COLOR%3D%22%23979890%22+LETTERSPACING%3D%220%22+KERNING%3D%220%22%3ELorem+Ipsum+is+simply+dummy+text+of+the+printing+and+typesetting+industry.+Lorem+Ipsum+has+been+the+industry%26apos%3Bs%3C%2FFONT%3E%3C%2FP%3E%3C%2FTEXTFORMAT%3E%3C%2Fp%3E]]></element></element><element type_str="object" name_str="8"><element type_str="string" name_str="text"><![CDATA[02]]></element><element type_str="string" name_str="htmlEquivalent"><![CDATA[%3Cp%3E%3CTEXTFORMAT+LEADING%3D%222%22%3E%3CP+ALIGN%3D%22LEFT%22%3E%3CFONT+FACE%3D%22Times+New+Roman%22+SIZE%3D%2272%22+COLOR%3D%22%23FFFFFF%22+LETTERSPACING%3D%220%22+KERNING%3D%220%22%3E02%3C%2FFONT%3E%3C%2FP%3E%3C%2FTEXTFORMAT%3E%3C%2Fp%3E]]></element></element><element type_str="object" name_str="9"><element type_str="string" name_str="text"><![CDATA[Lorem+Ipsum+is+simply+dummy+text+of+the+printing+and+typesetting+industry.+Lorem+Ipsum+has+been+the+industry%27s+standard+dummy+text+ever+since+the+1500s%2C+when+an+unknown+printer+took+a+galley+of+type+and+scrambled+it+to+make+a+type+specimen+book.+It+has+survived+not]]></element><element type_str="string" name_str="htmlEquivalent"><![CDATA[%3Cp%3E%3CTEXTFORMAT+LEADING%3D%222%22%3E%3CP+ALIGN%3D%22LEFT%22%3E%3CFONT+FACE%3D%22Times+New+Roman%22+SIZE%3D%2215%22+COLOR%3D%22%23979890%22+LETTERSPACING%3D%220%22+KERNING%3D%220%22%3ELorem+Ipsum+is+simply+dummy+text+of+the+printing+and+typesetting+industry.+Lorem+Ipsum+has+been+the+industry%26apos%3Bs+standard+dummy+text+ever+since+the+1500s%2C+when+an+unknown+printer+took+a+galley+of+type+and+scrambled+it+to+make+a+type+specimen+book.+It+has+survived+not%3C%2FFONT%3E%3C%2FP%3E%3C%2FTEXTFORMAT%3E%3C%2Fp%3E]]></element></element><element type_str="object" name_str="10"><element type_str="string" name_str="text"><![CDATA[Lorem+Ipsum+is+simply+dummy+text+of+the+printing+and+typesetting+industry.+Lorem+Ipsum+has+been+the+industry%27s]]></element><element type_str="string" name_str="htmlEquivalent"><![CDATA[%3Cp%3E%3CTEXTFORMAT+LEADING%3D%222%22%3E%3CP+ALIGN%3D%22LEFT%22%3E%3CFONT+FACE%3D%22Times+New+Roman%22+SIZE%3D%2215%22+COLOR%3D%22%23979890%22+LETTERSPACING%3D%220%22+KERNING%3D%220%22%3ELorem+Ipsum+is+simply+dummy+text+of+the+printing+and+typesetting+industry.+Lorem+Ipsum+has+been+the+industry%26apos%3Bs%3C%2FFONT%3E%3C%2FP%3E%3C%2FTEXTFORMAT%3E%3C%2Fp%3E]]></element></element><element type_str="object" name_str="11"><element type_str="string" name_str="text"><![CDATA[01]]></element><element type_str="string" name_str="htmlEquivalent"><![CDATA[%3Cp%3E%3CTEXTFORMAT+LEADING%3D%222%22%3E%3CP+ALIGN%3D%22LEFT%22%3E%3CFONT+FACE%3D%22Times+New+Roman%22+SIZE%3D%2272%22+COLOR%3D%22%23FFFFFF%22+LETTERSPACING%3D%220%22+KERNING%3D%220%22%3E01%3C%2FFONT%3E%3C%2FP%3E%3C%2FTEXTFORMAT%3E%3C%2Fp%3E]]></element></element></element></element>