﻿<?xml version="1.0" encoding="UTF-8"?><element type_str="object" name_str="root"><element type_str="string" name_str="title"><![CDATA[start]]></element><element type_str="string" name_str="deeplink"><![CDATA[start]]></element><element type_str="string" name_str="pubDate"><![CDATA[Tue+May+31+14%3A57%3A46+GMT%2B0200+2011]]></element><element type_str="string" name_str="urlBase"><![CDATA[wall_shelf_2%2F]]></element><element type_str="object" name_str="content"><element type_str="object" name_str="0"><element type_str="string" name_str="text"><![CDATA[Copyright+2048+Your+Compagny+Name+++Website+templates+by+Silex]]></element><element type_str="string" name_str="htmlEquivalent"><![CDATA[%3Cp%3E%3CTEXTFORMAT+LEADING%3D%222%22%3E%3CP+ALIGN%3D%22LEFT%22%3E%3CFONT+FACE%3D%22Times+New+Roman%22+SIZE%3D%2215%22+COLOR%3D%22%23979890%22+LETTERSPACING%3D%220%22+KERNING%3D%220%22%3ECopyright+2048+%3CFONT+COLOR%3D%22%23FFFFFF%22%3E%3CU%3EYour+Compagny+Name%3C%2FU%3E%3CFONT+COLOR%3D%22%23006600%22%3E+%3C%2FFONT%3E%3C%2FFONT%3E++%3CFONT+COLOR%3D%22%23FFFFFF%22%3E%3CU%3EWebsite+templates%3C%2FU%3E%3CFONT+COLOR%3D%22%23006600%22%3E+%3C%2FFONT%3E%3C%2FFONT%3Eby%3CFONT+COLOR%3D%22%23006600%22%3E+%3CFONT+COLOR%3D%22%23FFFFFF%22%3E%3CU%3ESilex%3C%2FU%3E%3C%2FFONT%3E%3C%2FFONT%3E%3C%2FFONT%3E%3C%2FP%3E%3C%2FTEXTFORMAT%3E%3C%2Fp%3E]]></element></element><element type_str="object" name_str="1"><element type_str="object" name_str="links"><element type_str="object" name_str="0"><element type_str="string" name_str="title"><![CDATA[contact]]></element></element></element><element type_str="string" name_str="text"><![CDATA[Contact]]></element><element type_str="string" name_str="htmlEquivalent"><![CDATA[%3Cp%3E%3CTEXTFORMAT+LEADING%3D%222%22%3E%3CP%3E%3CFONT+FACE%3D%22Times+New+Roman%22+SIZE%3D%2217%22+COLOR%3D%22%23ffffff%22+LETTERSPACING%3D%220%22+KERNING%3D%220%22%3EContact%3C%2FFONT%3E%3C%2FP%3E%3C%2FTEXTFORMAT%3E%3C%2Fp%3E]]></element></element><element type_str="object" name_str="2"><element type_str="object" name_str="links"><element type_str="object" name_str="0"><element type_str="string" name_str="title"><![CDATA[gallerie]]></element></element></element><element type_str="string" name_str="text"><![CDATA[Gallerie]]></element><element type_str="string" name_str="htmlEquivalent"><![CDATA[%3Cp%3E%3CTEXTFORMAT+LEADING%3D%222%22%3E%3CP%3E%3CFONT+FACE%3D%22Times+New+Roman%22+SIZE%3D%2217%22+COLOR%3D%22%23ffffff%22+LETTERSPACING%3D%220%22+KERNING%3D%220%22%3EGallerie%3C%2FFONT%3E%3C%2FP%3E%3C%2FTEXTFORMAT%3E%3C%2Fp%3E]]></element></element><element type_str="object" name_str="3"><element type_str="object" name_str="links"><element type_str="object" name_str="0"><element type_str="string" name_str="title"><![CDATA[services]]></element></element></element><element type_str="string" name_str="text"><![CDATA[Services]]></element><element type_str="string" name_str="htmlEquivalent"><![CDATA[%3Cp%3E%3CTEXTFORMAT+LEADING%3D%222%22%3E%3CP%3E%3CFONT+FACE%3D%22Times+New+Roman%22+SIZE%3D%2217%22+COLOR%3D%22%23ffffff%22+LETTERSPACING%3D%220%22+KERNING%3D%220%22%3EServices%3C%2FFONT%3E%3C%2FP%3E%3C%2FTEXTFORMAT%3E%3C%2Fp%3E]]></element></element><element type_str="object" name_str="4"><element type_str="object" name_str="links"><element type_str="object" name_str="0"><element type_str="string" name_str="title"><![CDATA[about]]></element></element></element><element type_str="string" name_str="text"><![CDATA[About]]></element><element type_str="string" name_str="htmlEquivalent"><![CDATA[%3Cp%3E%3CTEXTFORMAT+LEADING%3D%222%22%3E%3CP%3E%3CFONT+FACE%3D%22Times+New+Roman%22+SIZE%3D%2217%22+COLOR%3D%22%23ffffff%22+LETTERSPACING%3D%220%22+KERNING%3D%220%22%3EAbout%3C%2FFONT%3E%3C%2FP%3E%3C%2FTEXTFORMAT%3E%3C%2Fp%3E]]></element></element><element type_str="object" name_str="5"><element type_str="object" name_str="links"><element type_str="object" name_str="0"><element type_str="string" name_str="title"><![CDATA[home]]></element></element></element><element type_str="string" name_str="text"><![CDATA[Home]]></element><element type_str="string" name_str="htmlEquivalent"><![CDATA[%3Cp%3E%3CTEXTFORMAT+LEADING%3D%222%22%3E%3CP%3E%3CFONT+FACE%3D%22Times+New+Roman%22+SIZE%3D%2217%22+COLOR%3D%22%23ffffff%22+LETTERSPACING%3D%220%22+KERNING%3D%220%22%3EHome%3C%2FFONT%3E%3C%2FP%3E%3C%2FTEXTFORMAT%3E%3C%2Fp%3E]]></element></element><element type_str="object" name_str="6"><element type_str="string" name_str="htmlEquivalent"><![CDATA[%3Cimg+name%3D%22templatemo_content%22+src%3D%22..%2F..%2Fmedia%2Fwall_shelf%2Ftemplatemo_content02.jpg%22%3E]]></element></element><element type_str="object" name_str="7"><element type_str="string" name_str="htmlEquivalent"><![CDATA[%3Cimg+name%3D%22logo%22+src%3D%22..%2F..%2Fmedia%2Fwall_shelf%2Ftemplatemo_logo.png%22%3E]]></element></element><element type_str="object" name_str="8"><element type_str="string" name_str="htmlEquivalent"><![CDATA[%3Cimg+name%3D%22header01%22+src%3D%22..%2F..%2Fmedia%2Fwall_shelf%2Ftemplatmeo_header02.jpg%22%3E]]></element></element><element type_str="object" name_str="9"><element type_str="object" name_str="links"><element type_str="object" name_str="0"><element type_str="string" name_str="title"><![CDATA[home]]></element></element></element><element type_str="string" name_str="htmlEquivalent"><![CDATA[%3Cimg+name%3D%22bg_menu%22+src%3D%22..%2F..%2Fmedia%2Fwall_shelf%2Ftemplatemo_menu_bg.png%22%3E]]></element></element><element type_str="object" name_str="10"><element type_str="string" name_str="htmlEquivalent"><![CDATA[%3Cimg+name%3D%22bg_menu2%22+src%3D%22..%2F..%2Fmedia%2Fwall_shelf%2Ftemplatemo_menu_bg.png%22%3E]]></element></element><element type_str="object" name_str="11"><element type_str="string" name_str="htmlEquivalent"><![CDATA[%3Cimg+name%3D%22bg_menu3%22+src%3D%22..%2F..%2Fmedia%2Fwall_shelf%2Ftemplatemo_menu_bg.png%22%3E]]></element></element><element type_str="object" name_str="12"><element type_str="string" name_str="htmlEquivalent"><![CDATA[%3Cimg+name%3D%22bg_menu4%22+src%3D%22..%2F..%2Fmedia%2Fwall_shelf%2Ftemplatemo_menu_bg.png%22%3E]]></element></element><element type_str="object" name_str="13"><element type_str="string" name_str="htmlEquivalent"><![CDATA[%3Cimg+name%3D%22bg_menu5%22+src%3D%22..%2F..%2Fmedia%2Fwall_shelf%2Ftemplatemo_menu_bg.png%22%3E]]></element></element><element type_str="object" name_str="14"><element type_str="string" name_str="htmlEquivalent"><![CDATA[%3Cimg+name%3D%22header02%22+src%3D%22..%2F..%2Fmedia%2Fwall_shelf%2Ftemplatemo_menu_02.jpg%22%3E]]></element></element></element></element>